country,agent_name,detail,website,email,phone,address
Albania,SI-UK,"Rruga Moskat, Zayeb Business Center, K.2 Tirana, Albania 1001 Phone: +355 67 400 5360 Email: tirana@studyin-uk.com Website: www.studyin-uk.com",www.studyin-uk.com,tirana@studyin-uk.com,+355 67 400 5360,"Rruga Moskat, Zayeb Business Center, K.2 Tirana, Albania 1001"
Australia,IDP,Website: www.idp.com/global,www.idp.com/global,,,
Australia,QS Student Apply,Phone: +44 (0) 207 284 7200 Website: www.qs.com,www.qs.com,,+44 (0) 207 284 7200,
Azerbaijan,SI-UK,"Haydar Aliyev Prospekti 152 Çinar Plaza İş Merkezi A Blok 4.Kat 64m Bakü, Azerbaycan Phone: +994 12 408 23 03 (Landline), +994 55 408 23 03 (Mobile) Email: baku@studyin-uk.com Website: www.studyin-uk.com",www.studyin-uk.com,baku@studyin-uk.com,+994 12 408 23 03,"Haydar Aliyev Prospekti 152 Çinar Plaza İş Merkezi A Blok 4.Kat 64m Bakü, Azerbaycan (Landline), +994 55 408 23 03 (Mobile)"
Azerbaijan,Study Net,Phone: +994 (055) 918 93 93 Email: edu@studynet-group.com Website: www.studynet-group.com,www.studynet-group.com,edu@studynet-group.com,+994 (055) 918 93 93,
Bahrain,Global Study UK,Phone: +4402074864762 Email: app@globalstudyuk.com Website: www.globalstudyuk.com,www.globalstudyuk.com,app@globalstudyuk.com,+4402074864762,
Bahrain,IDP,Website: www.idp.com/global,www.idp.com/global,,,
Bangladesh,IDP,Website: www.idp.com/global,www.idp.com/global,,,
Bangladesh,SI-UK,"Flat 10/B, 9 th Floor (Level-10), Rupsha Tower, Road # 17, Kamal Ataturk Avenue, Banani C/A, Dhaka-1213 Phone: +880 195 1221133 Email: dhaka@studyin-uk.com Website: www.studyin-uk.com",www.studyin-uk.com,dhaka@studyin-uk.com,+880 195 1221133,"Flat 10/B, 9 th Floor (Level-10), Rupsha Tower, Road # 17, Kamal Ataturk Avenue, Banani C/A, Dhaka-1213"
Brazil,Gradeup Education Consultancy,Phone/WhatsApp: +55 11 91837-1750 Email: info@gradeup.com.br Website: www.gradeup.com.br,www.gradeup.com.br,info@gradeup.com.br,+55 11 91837-1750,Phone/WhatsApp:
Brazil,LoveEDU (loveUK Brazil),Phone: +55 11 93063-7967 Website: www.loveedu.com.br,www.loveedu.com.br,,+55 11 93063-7967,
Brazil,Studies Planet,Phone: (+55) 11 96623 – 9696 Email: brasil@studiesplanet.com Website: www.studiesplanet.com,www.studiesplanet.com,brasil@studiesplanet.com,+55) 11 96623,( – 9696
Bulgaria,Integral Educational Programs Ltd (IEP),Phone: 02/80 50 600 Email: integral@integral.bg Website: www.integral.bg,www.integral.bg,integral@integral.bg,80 50 600,02/
Cambodia,IDP,Website: www.idp.com/global,www.idp.com/global,,,
Cambodia,SI - UK,Phone: +855 (0)17663006 Email: phnompenh@si-global.com Website: www.studyin-uk.com,www.studyin-uk.com,phnompenh@si-global.com,+855 (0)17663006,
Canada,IAE,Phone: +81 (0)3 6871 9422 Email: info@iaeglobal.net Website: www.iaeglobal.net,www.iaeglobal.net,info@iaeglobal.net,+81 (0)3 6871 9422,
Canada,IDP,Website: www.idp.com/global,www.idp.com/global,,,
Canada,SI-UK,"Suite 300,150 King Street West Toronto, Ontario M5H 1J9, Canada Phone: +1 416 998 8532 Email: toronto@studyin-uk.com Website: www.studyin-uk.com",www.studyin-uk.com,toronto@studyin-uk.com,+1 416 998 8532,"Suite 300,150 King Street West Toronto, Ontario M5H 1J9, Canada"
Canada,SI-UK,Phone: +1 (403) 244 - 3809 Email: alberta@studyin-uk.com Website: www.studyin-uk.com,www.studyin-uk.com,alberta@studyin-uk.com,+1 (403) 244 - 3809,
Canada,Uni-UK,Phone: 1-855-580-2787 Email: info@uni-uk.com Website: www.uni-uk.com,www.uni-uk.com,info@uni-uk.com,1-855-580-2787,
Chile,Inova Education,WhatsApp: api.whatsapp.com/send/?phone=447754475500 Website: inovaeducation.com/country/chile/,,,447754475500,WhatsApp: api.whatsapp.com/send/?phone= inovaeducation.com/country/chile/
China,51Liucheng,Email: hezuo@51liucheng.com Website: www.lcig.io,www.lcig.io,hezuo@51liucheng.com,,
China,51 offer (iHorizon),Email: 51offer@ihorizon.cn Website: www.51offer.com,www.51offer.com,51offer@ihorizon.cn,,
China,Amber Education,Phone: 86 010 65661010 Email: bj_ac1@amberedu.com Website: www.amberedu.com,www.amberedu.com,bj_ac1@amberedu.com,86 010 65661010,
China,AOJI,Phone: +8610-6522 9780 Email: marketing.uk@aoji.cn Website: www.aoji.cn,www.aoji.cn,marketing.uk@aoji.cn,+8610-6522 9780,
China,Beijing New Oriental Vision Overseas Consulting Co Ltd,Email: uk@xdf.cn Website: liuxue.xdf.cn,,uk@xdf.cn,,liuxue.xdf.cn
China,Bright Can-Achieve,Phone: 86 18911793599 Email: ukedu6@can-achieve.com Website: www.can-achieve.com,www.can-achieve.com,ukedu6@can-achieve.com,86 18911793599,
China,Chamberlain,Phone: +(852) 3426-8000 Email: enquiry@chamberlain-edu.com Website: www.chamberlain-edu.com,www.chamberlain-edu.com,enquiry@chamberlain-edu.com,852) 3426-8000,+(
China,EIC,Phone: 852-2736-0036 Email: uk.admission18@eiceducation.com.cn Website : www.partners.eic.org.cn,www.partners.eic.org.cn,uk.admission18@eiceducation.com.cn,852-2736-0036,Website :
China,Golden Arrow (UK Pass),Phone: 4000-800-516 Email: goldenarrowks@ukpass.org,,goldenarrowks@ukpass.org,4000-800-516,
China,Hope Study Abroad,Phone: 021-33634525 Website: www.hope-studyabroad.com/en,www.hope-studyabroad.com/en,,021-33634525,
China,HTI,Phone: +86-21-51506887 Website: www.huatong.org.cn,www.huatong.org.cn,,+86-21-51506887,
China,IAE,Phone: +81 (0)3 6871 9422 Email: info@iaeglobal.net Website: www.iaeglobal.net,www.iaeglobal.net,info@iaeglobal.net,+81 (0)3 6871 9422,
China,IDP,Website: www.idp.com/global,www.idp.com/global,,,
China,Index Education,Phone: 86-021-32231071 Email: index_china@agentsedu.com Website: www.soweredu.com,www.soweredu.com,index_china@agentsedu.com,86-021-32231071,
China,JJL Overseas Education,Phone: 8610-65686524 Email: serviceuk12@jjl.cn Website: www.jjl.cn,www.jjl.cn,serviceuk12@jjl.cn,8610-65686524,
China,Oxbridge (Power Academy),Phone: +86-010-59799010 Email: edu@poweracademy.cn Website: www.poweracademy.cn,www.poweracademy.cn,edu@poweracademy.cn,+86-010-59799010,
China,Shinyway,Phone: +86 571 2886 2299 Website : www.igo.cn,www.igo.cn,,+86 571 2886 2299,Website :
China,SI-UK,"Room 704, Feidiao International Building, No. 1065 Zhaojiabang Road, Xuhui District Shanghai Phone: +86 13818109632 Email: shanghai@studyin-uk.cn Website: www.studyin-uk.com",www.studyin-uk.com,shanghai@studyin-uk.cn,+86 13818109632,"Room 704, Feidiao International Building, No. 1065 Zhaojiabang Road, Xuhui District Shanghai"
China,SI-UK,Phone: +86 15721283391 Email: beijing@studyin-uk.cn Website: www.studyin-uk.com,www.studyin-uk.com,beijing@studyin-uk.cn,+86 15721283391,
China,SI-UK,Phone: +86 13974886786 Email: changsha@studyin-uk.cn Website: www.studyin-uk.com,www.studyin-uk.com,changsha@studyin-uk.cn,+86 13974886786,
China,SI-UK,Phone: +86 18819277774 Email: guangzhou@studyin-uk.cn Website: www.studyin-uk.com,www.studyin-uk.com,guangzhou@studyin-uk.cn,+86 18819277774,
China,UKEC,"Regus, 16 Upper Woburn Pl, London WC1H 0AF United Kingdom Phone: 020 7383 2000 Email: admissions@ukec.com Website: www.ukec.com",www.ukec.com,admissions@ukec.com,020 7383 2000,"Regus, 16 Upper Woburn Pl, London WC1H 0AF United Kingdom"
China,Wiseway,Phone: +86-10-68946699 Email: international@wisewayglobal.com Website: www.wiseway.com.cn/english,www.wiseway.com.cn/english,international@wisewayglobal.com,+86-10-68946699,
Colombia,MAS Education,Phone: +57 314 2152727 Website: www.maseducation.org,www.maseducation.org,,+57 314 2152727,
Colombia,SI-UK,"Calle 106 # 54 - 78 Of. 702 Bogota, Colombia Phone: +57 1 7186226, + 57 318 3499429 Email: bogota@studyin-uk.com Website: www.studyin-uk.com",www.studyin-uk.com,bogota@studyin-uk.com,+57 1 7186226,"Calle 106 # 54 - 78 Of. 702 Bogota, Colombia , + 57 318 3499429"
Colombia,Studies Planet,"Cra.15 No. 118-75. Oficina 103. Bogotá, Colombia Phone: (+57) 311 4753505, (+57) 300 5729164, (+57) 301 7707184 Email: colombia2@studiesplanet.com Website: www.studiesplanet.com",www.studiesplanet.com,colombia2@studiesplanet.com,+57) 311 4753505,"Cra.15 No. 118-75. Oficina 103. Bogotá, Colombia (, (+57) 300 5729164, (+57) 301 7707184"
Cyprus,SI-UK,"Athinon 30, office 101-B Agios Dometios, 2363 Nicosia, Cyprus Phone: +357 22778700 Email: nicosia@studyin-uk.com Website: www.studyin-uk.com",www.studyin-uk.com,nicosia@studyin-uk.com,+357 22778700,"Athinon 30, office 101-B Agios Dometios, 2363 Nicosia, Cyprus"
Egypt,Global Study UK,Phone: +4402074864762 Email: app@globalstudyuk.com Website: www.globalstudyuk.com,www.globalstudyuk.com,app@globalstudyuk.com,+4402074864762,
Egypt,IDP,Website: www.idp.com/global,www.idp.com/global,,,
France,QS Student Apply,Phone: +44 (0) 207 284 7200 Website: www.qs.com,www.qs.com,,+44 (0) 207 284 7200,
France,Study Experience,Website: www.studyexperience.fr,www.studyexperience.fr,,,
Germany,QS Student Apply,Phone: +44 (0) 207 284 7200 Website: www.qs.com,www.qs.com,,+44 (0) 207 284 7200,
Ghana,IDP,Website: www.idp.com/global,www.idp.com/global,,,
Ghana,SI-UK,"79 Gateway Road, CP Junction Kasoa, Accra, Ghana Phone: +233596041176 Email: accra@studyin-uk.com Website: www.studyin-uk.com",www.studyin-uk.com,accra@studyin-uk.com,+233596041176,"79 Gateway Road, CP Junction Kasoa, Accra, Ghana"
Greece,HALO,Phone: +30 210 429 4344 Email: halok@otenet.gr Website: https://www.halo.edu.gr/,https://www.halo.edu.gr/,halok@otenet.gr,+30 210 429 4344,
Hong Kong,AAS Education,Email: enquiries@aas.com.hk Website: www.aas.com.hk,www.aas.com.hk,enquiries@aas.com.hk,,
Hong Kong,Aston Education,Phone: (852) 2866 9933 Website: www.aston.edu.hk,www.aston.edu.hk,,852) 2866 9933,(
Hong Kong,British United,Email: study@britishunited.net Website: www.BritishUnited.net,www.BritishUnited.net,study@britishunited.net,,
Hong Kong,Chamberlain,Phone: (852) 3426-8000 Email: enquiry@chamberlain-edu.com Website: www.chamberlain-edu.com,www.chamberlain-edu.com,enquiry@chamberlain-edu.com,852) 3426-8000,(
Hong Kong,GEA (Golden Education Alliance Limited),Phone: 852-2110-3835 Website: www.geaworld.org,www.geaworld.org,,852-2110-3835,
Hong Kong,GET Education Consultancy,Phone: (852) 2730 7311,,,852) 2730 7311,(
Hong Kong,GET Education Consultancy,Email: hongkong@get.com.hk Website: www.get.com.hk,www.get.com.hk,hongkong@get.com.hk,,
Hong Kong,H ong Kong Education Web,Phone: +852 2272 2800 Email: info@education.com.hk Website: www.education.com.hk,www.education.com.hk,info@education.com.hk,+852 2272 2800,
Hong Kong,IDP,Website: www.idp.com/global,www.idp.com/global,,,
Hong Kong,LinkedU,Phone: +852 2157 3822 Email: enquiry@linkedu.hk Website: www.linkedu.hk,www.linkedu.hk,enquiry@linkedu.hk,+852 2157 3822,
Hong Kong,SI-UK,"Room 1309, Tai Yau Building, 181 Johnston Road, Wan Chai, Hong Kong Phone: +852 6513 5719, +85229678009 +85229678199 Email: i nfo@studyin-uk.com Website: hongkong@studyin-uk.com",,nfo@studyin-uk.com,+852 6513 5719,"Room 1309, Tai Yau Building, 181 Johnston Road, Wan Chai, Hong Kong , +85229678009 +85229678199 i hongkong@studyin-uk.com"
India,51Liucheng,Email: hezuo@51liucheng.com Website: www.lcig.io,www.lcig.io,hezuo@51liucheng.com,,
India,BitTRACK Consultants Pvt Ltd,Phone: +91 81402 66649 Email: supportpune@bittrack.om Website: www.bittrack.com,www.bittrack.com,supportpune@bittrack.om,+91 81402 66649,
India,Edroots,Phone: +91 484 294 1333 Email: info@edroots.in Website: www.edroots.com,www.edroots.com,info@edroots.in,+91 484 294 1333,
India,Eduabroad Consulting,Phone: +91 22 4002 1206 Email: pratibha.eduabroad@gmail.com Website: www.eduabroad.in,www.eduabroad.in,pratibha.eduabroad@gmail.com,+91 22 4002 1206,
India,Exnet,Phone: 0091-712-2225999 Email: exnetinternational@gmail.com,,exnetinternational@gmail.com,0091-712-2225999,
India,Foreign Study (Prem N Kapur),Phone: +91 98100 70867 Email: premnkapur@foreignstudy.co.in Website: www.foreign-study.com,www.foreign-study.com,premnkapur@foreignstudy.co.in,+91 98100 70867,
India,Gateway Abroad (Crizac),Phone: (033) 3544-1515 Email: info@crizac.com Website: https://www.crizac.com/,https://www.crizac.com/,info@crizac.com,033) 3544-1515,(
India,GeeBee,Phone: 7397410484 Email: chennai@geebeeworld.org Website: www.geebeeworld.com/,www.geebeeworld.com/,chennai@geebeeworld.org,7397410484,
India,Global Colliance,Phone: +917574033366 Email: inquiry@globalcolliance.com Website: www.globalcolliance.com,www.globalcolliance.com,inquiry@globalcolliance.com,+917574033366,
India,IAE,Phone: +81 (0)3 6871 9422 Email: info@iaeglobal.net Website: www.iaeglobal.net,www.iaeglobal.net,info@iaeglobal.net,+81 (0)3 6871 9422,
India,IDP,Website: www.idp.com/global,www.idp.com/global,,,
India,IPC India,Phone: +91-11-46784678 Email: delhi@educationoverseas.com Website: www.educationoverseas.com/index.php,www.educationoverseas.com/index.php,delhi@educationoverseas.com,+91-11-46784678,
India,KC Overseas Education Private Limited,Phone: +91 8530746800 Email: manoop@kcoverseas.com Website: www.studies-overseas.com,www.studies-overseas.com,manoop@kcoverseas.com,+91 8530746800,
India,Let's Talk,Phone: +91 33  40037887 Email: talk.lets2012@gmail.com Website: www.letstalkedu.in,www.letstalkedu.in,talk.lets2012@gmail.com,+91 33  40037887,
India,Meridean Overseas,Phone: 097733 59609 Email: tapplication02@meridean.org Website: www.meridean.org,www.meridean.org,tapplication02@meridean.org,097733 59609,
India,Oberoi's Education,Phone: +91-11-45304530 Email: info@educationlinkhouse.com Website: www.educationlinkhouse.com,www.educationlinkhouse.com,info@educationlinkhouse.com,+91-11-45304530,
India,QS Student Apply,Phone: +44 (0) 207 284 7200 Website: www.qs.com,www.qs.com,,+44 (0) 207 284 7200,
India,Santamonica,Phone: +91 9645222999 Email: brmchn@santamonicaedu.in Website: www.santamonicaedu.in,www.santamonicaedu.in,brmchn@santamonicaedu.in,+91 9645222999,
India,Shiksha,Phone: +91-7802953247 Website: www.shiksha.com,www.shiksha.com,,+91-7802953247,
India,SI-UK,"Phone: +91 1142028200, +91 7827800565 Email: delhi@studyin-uk.com Website: www.studyin-uk.com",www.studyin-uk.com,delhi@studyin-uk.com,+91 1142028200,", +91 7827800565"
India,SI-UK,"Phone: +91 1146021091, +91 8130498884 +91 9315683896 Email: delhi.nehruplace@studyin-uk.com Website: www.studyin-uk.com",www.studyin-uk.com,delhi.nehruplace@studyin-uk.com,+91 1146021091,", +91 8130498884 +91 9315683896"
India,SI-UK,"Phone: +91 7940391698, +91 9354937091 Email: ahmedabad@studyin-uk.com Website: www.studyin-uk.com",www.studyin-uk.com,ahmedabad@studyin-uk.com,+91 7940391698,", +91 9354937091"
India,SI-UK,Email: amritsar@studyin-uk.com Website: www.studyin-uk.com,www.studyin-uk.com,amritsar@studyin-uk.com,,
India,SI-UK,Email: bengaluru.jpnagar@studyin-uk.com Website: www.studyin-uk.com,www.studyin-uk.com,bengaluru.jpnagar@studyin-uk.com,,
India,SI-UK,"Phone: +91 8041688282, +91 9986077782, +91 7676008282 Email: bengaluru@studyin-uk.com Website: www.studyin-uk.com",www.studyin-uk.com,bengaluru@studyin-uk.com,+91 8041688282,", +91 9986077782, +91 7676008282"
India,SI-UK,Email: bhubaneshwar@studyin-uk.com Website: www.studyin-uk.com,www.studyin-uk.com,bhubaneshwar@studyin-uk.com,,
India,SI-UK,Phone: +91 8287256724 Email: chandigarh@studyin-uk.com Website: www.studyin-uk.com,www.studyin-uk.com,chandigarh@studyin-uk.com,+91 8287256724,
India,SI-UK,"Phone: +91 4445108282, +91 9381708282 Email: chennai@studyin-uk.com Website: www.studyin-uk.com",www.studyin-uk.com,chennai@studyin-uk.com,+91 4445108282,", +91 9381708282"
India,SI-UK,"Phone: +91 9972484782, +91 4224962282 Email: coimbatore@studyin-uk.com Website: www.studyin-uk.com",www.studyin-uk.com,coimbatore@studyin-uk.com,+91 9972484782,", +91 4224962282"
India,SI-UK,Phone: +91 8130498881 Email: gurugram@studyin-uk.com Website: www.studyin-uk.com,www.studyin-uk.com,gurugram@studyin-uk.com,+91 8130498881,
India,SI-UK,"Phone: +91 4040157110, +91 7827800569 Email: hyderabad@studyin-uk.com Website: www.studyin-uk.com",www.studyin-uk.com,hyderabad@studyin-uk.com,+91 4040157110,", +91 7827800569"
India,SI-UK,"Phone: +91 7314030677, +91 8368662790 Email: indore@studyin-uk.com Website: www.studyin-uk.com",www.studyin-uk.com,indore@studyin-uk.com,+91 7314030677,", +91 8368662790"
India,SI-UK,"Phone: +91 1414011629, +91 8882912263, +91 7683064228 Email: jaipur@studyin-uk.com Website: www.studyin-uk.com",www.studyin-uk.com,jaipur@studyin-uk.com,+91 1414011629,", +91 8882912263, +91 7683064228"
India,SI-UK,Phone: +91 9310404716 Email: kochi@studyin-uk.com Website: www.studyin-uk.com,www.studyin-uk.com,kochi@studyin-uk.com,+91 9310404716,
India,SI-UK,"Phone: +91 9310404714, +91 9147104214 Email: kolkata@studyin-uk.com Website: www.studyin-uk.com",www.studyin-uk.com,kolkata@studyin-uk.com,+91 9310404714,", +91 9147104214"
India,SI-UK,Phone: +91 9354844772 Email: kozhikode@studyin-uk.com Website: www.studyin-uk.com,www.studyin-uk.com,kozhikode@studyin-uk.com,+91 9354844772,
India,SI-UK,Phone: +91 8882914694 Email: lucknow@studyin-uk.com Website: www.studyin-uk.com,www.studyin-uk.com,lucknow@studyin-uk.com,+91 8882914694,
India,SI-UK,Phone: +91 9041454800 Email: ludhiana@studyin-uk.com Website: www.studyin-uk.com,www.studyin-uk.com,ludhiana@studyin-uk.com,+91 9041454800,
India,SI-UK,"Phone: +91 9318490733, +91 2247501768 Email: mumbai@studyin-uk.com Website: www.studyin-uk.com",www.studyin-uk.com,mumbai@studyin-uk.com,+91 9318490733,", +91 2247501768"
India,SI-UK,"Phone: +91 2249700446, +91 9987870084 Email: mumbai@studyin-uk.com Website: www.studyin-uk.com",www.studyin-uk.com,mumbai@studyin-uk.com,+91 2249700446,", +91 9987870084"
India,SI-UK,"Phone: +91 7304687305, +91 7400020527 Email: mumbai@studyin-uk.com Website: www.studyin-uk.com",www.studyin-uk.com,mumbai@studyin-uk.com,+91 7304687305,", +91 7400020527"
India,SI-UK,Phone: +91 9986077782 Email: mysuru@studyin-uk.com Website: www.studyin-uk.com,www.studyin-uk.com,mysuru@studyin-uk.com,+91 9986077782,
India,SI-UK,"Phone: +91 7123583079, +91 9267927292 Email: nagpur@studyin-uk.com Website: www.studyin-uk.com",www.studyin-uk.com,nagpur@studyin-uk.com,+91 7123583079,", +91 9267927292"
India,SI-UK,Email: noida@studyin-uk.com Website: www.studyin-uk.com,www.studyin-uk.com,noida@studyin-uk.com,,
India,SI-UK,"Phone: +91 2048611079, +91 9310404722, +91 9318490737 Email: pune@studyin-uk.com Website: www.studyin-uk.com",www.studyin-uk.com,pune@studyin-uk.com,+91 2048611079,", +91 9310404722, +91 9318490737"
India,SI-UK,Email: delhi.rajourigarden@studyin-uk.com Website: www.studyin-uk.com,www.studyin-uk.com,delhi.rajourigarden@studyin-uk.com,,
India,SI-UK,Phone: +91 2654612070 Email: vadodara@studyin-uk.com Website: www.studyin-uk.com,www.studyin-uk.com,vadodara@studyin-uk.com,+91 2654612070,
India,SI-UK,Phone: +91 8977522961 Email: vijayawada@studyin-uk.com Website: www.studyin-uk.com,www.studyin-uk.com,vijayawada@studyin-uk.com,+91 8977522961,
India,The Combine Company,Phone: +91 98101 11169 Email: info@combineco.com Website: www.combineco.com,www.combineco.com,info@combineco.com,+91 98101 11169,
Indonesia,Educulture Network Indonesia,Email: educulturesby@yahoo.co.uk Website: www.educulturenetworkindonesia.com,www.educulturenetworkindonesia.com,educulturesby@yahoo.co.uk,,
Indonesia,IAE,Phone: +81 (0)3 6871 9422 Email: info@iaeglobal.net Website: www.iaeglobal.net,www.iaeglobal.net,info@iaeglobal.net,+81 (0)3 6871 9422,
Indonesia,IDP,Website: www.idp.com/global,www.idp.com/global,,,
Indonesia,SI-UK,"Suite H, 5th Floor, Kensington Office Tower Kelapa Gading Jakarta, Indonesia Phone: +62 838 11141214 Email: jakarta@studyin-uk.com Website: www.studyin-uk.com",www.studyin-uk.com,jakarta@studyin-uk.com,+62 838 11141214,"Suite H, 5th Floor, Kensington Office Tower Kelapa Gading Jakarta, Indonesia"
Indonesia,SI-UK,Phone: +62 81292339008 Email: jakarta@studyin-uk.com Website: www.studyin-uk.com,www.studyin-uk.com,jakarta@studyin-uk.com,+62 81292339008,
Indonesia,SI-UK,Phone: +62 822 4555 5909 Email: surabaya@studyin-uk.com Website: www.studyin-uk.com,www.studyin-uk.com,surabaya@studyin-uk.com,+62 822 4555 5909,
Indonesia,SUN Education Group,Phone: 082133343536 Email: info@suneducationgroup.com Website: www.suneducationgroup.com,www.suneducationgroup.com,info@suneducationgroup.com,082133343536,
Iran,IDP,Phone: +98 9821-75292 (Ext 1) Website: www.idp.com/global,www.idp.com/global,,+98 9821-75292,(Ext 1)
Ireland,JT Education Limited,Website: www.jteducation.com,www.jteducation.com,,,
Italy,SI-UK,Via dell’architettura 8 Rome 00144 Phone: +39 339706 6538 Email: rome@studyin-uk.com Website: www.studyin-uk.com,www.studyin-uk.com,rome@studyin-uk.com,+39 339706 6538,Via dell’architettura 8 Rome 00144
Japan,BEO,Phone: +81 (0)3-6427-9605 Email: study@beo.jp Website: www.beo.jp,www.beo.jp,study@beo.jp,+81 (0)3-6427-9605,
Japan,BEO,Phone: +81 (0)6-4256-7161 Email: study@beo.jp Website: www.beo.jp,www.beo.jp,study@beo.jp,+81 (0)6-4256-7161,
Japan,And Vision,Phone: +81-3-5577-4500 Email: info@andvision.net Website: www.andvision.net,www.andvision.net,info@andvision.net,+81-3-5577-4500,
Japan,IAE,Phone: +81 (0)3 6871 9422 Email: info@iaeglobal.net Website: www.iaeglobal.net,www.iaeglobal.net,info@iaeglobal.net,+81 (0)3 6871 9422,
Japan,SI-UK,"3rd Floor Takagi Bldg, 2-15-14, Kamiosaki, Shinagawa-ku, Tokyo 141-0021, Japan Phone: +81 3 5272 9143 Email: tokyo@ukeducation.jp Website: www.studyin-uk.com",www.studyin-uk.com,tokyo@ukeducation.jp,+81 3 5272 9143,"3rd Floor Takagi Bldg, 2-15-14, Kamiosaki, Shinagawa-ku, Tokyo 141-0021, Japan"
Japan,SI-UK,Phone: +81 6 7878 5681 Email: osaka@ukeducation.jp Website: www.studyin-uk.com,www.studyin-uk.com,osaka@ukeducation.jp,+81 6 7878 5681,
Jordan,IDP,Website: www.idp.com/global,www.idp.com/global,,,
Kazakhstan,SI-UK,"Abay Avenue 130, Almaty 050046 Email: almaty@studyin-uk.com Website: www.studyin-uk.com",www.studyin-uk.com,almaty@studyin-uk.com,,"Abay Avenue 130, Almaty 050046"
Kenya,IDP,Website: www.idp.com/global,www.idp.com/global,,,
Kenya,SI-UK,Phone: +254 755688242/47/53 Email: nairobi@studyin-uk.com Website: www.studyin-uk.com,www.studyin-uk.com,nairobi@studyin-uk.com,+254 755688242,/47/53
Kenya,SI-UK,Phone: +254 780 450 642 Email: mombasa@studyin-uk.com Website: www.studyin-uk.com,www.studyin-uk.com,mombasa@studyin-uk.com,+254 780 450 642,
Kosovo,SI-UK,"Sheshi Zahir Pajaziti, Kati 1, Nr. 5 Pristina, Kosova Phone: +38348441246 Email: pristina@studyin-uk.com Website: www.studyin-uk.com",www.studyin-uk.com,pristina@studyin-uk.com,+38348441246,"Sheshi Zahir Pajaziti, Kati 1, Nr. 5 Pristina, Kosova"
Kuwait,IDP,Website: www.idp.com/global,www.idp.com/global,,,
Laos,SI-UK,"Iconic Building 2nd Floor, Phonxay Village, Saysettha District, Sikhottabong District, Vientiane Phone: +85620 59514229 WhatsApp: +85620 59829329 Email: vientiane@studyin-uk.com Website: www.studyin-uk.com",www.studyin-uk.com,vientiane@studyin-uk.com,+85620 59514229,"Iconic Building 2nd Floor, Phonxay Village, Saysettha District, Sikhottabong District, Vientiane WhatsApp: +85620 59829329"
Lebanon,IDP,Website: www.idp.com/global,www.idp.com/global,,,
Lithuania,Kalba,Phone: (8-610) 11009 Email: info@kalba.lt Website: https://kalba.lt/en/,https://kalba.lt/en/,info@kalba.lt,8-610) 11009,(
Lithuania,Study Plan,Phone: +370 600 543 50 Email: admin@studyplan.lt Website: www.studyplan.lt/en,www.studyplan.lt/en,admin@studyplan.lt,+370 600 543 50,
Malaysia,AUG Student Services,Phone: +60 3 5634 3767 Email: malaysia@augstudy.com Website: www.augstudy.com/malaysia,www.augstudy.com/malaysia,malaysia@augstudy.com,+60 3 5634 3767,
Malaysia,IDP,Website: www.idp.com/global,www.idp.com/global,,,
Malaysia,Malaysian British Educational Cooperation Services (MABECS),Phone: +60 3-7956 7655 Website: www.mabecs.com,www.mabecs.com,,+60 3-7956 7655,
Malaysia,QS Student Apply,Phone: +44 (0) 207 284 7200 Website: www.qs.com,www.qs.com,,+44 (0) 207 284 7200,
Malaysia,SI-UK,"Unit 43-G, Block D, Zenith Corporate Park Jalan SS7/26, Kelana Jaya, Petaling Jaya Selangor, Malaysia Phone: +60378861936 Email: malaysia@studyin-uk.com Website: www.studyin-uk.com",www.studyin-uk.com,malaysia@studyin-uk.com,+60378861936,"Unit 43-G, Block D, Zenith Corporate Park Jalan SS7/26, Kelana Jaya, Petaling Jaya Selangor, Malaysia"
Malaysia,Taylor's Malaysia Sdn Bhd,Phone: 603-5629 5000 Email: applications@taylors.edu.my Website www.taylors.edu.my,www.taylors.edu.my,applications@taylors.edu.my,603-5629 5000,Website
Malaysia,TedVisory (Previously GEN),Phone: +60 1-800-22-6628 Email: info@tedvisory.com Website: www.tedvisory.com,www.tedvisory.com,info@tedvisory.com,+60 1-800-22-6628,
Mauritius,IDP,Website: www.idp.com/global,www.idp.com/global,,,
Mexico,Anglo Latino Education Partnership ( ALEP ),"Anillo Vial II Junipero Serra 2450 Valle de Juriquilla II CP 76230, Santiago de Querétaro, Mexico Phone: 442 260 9090 Website: www.anglolatinoedu.com",www.anglolatinoedu.com,,442 260 9090,"Anillo Vial II Junipero Serra 2450 Valle de Juriquilla II CP 76230, Santiago de Querétaro, Mexico"
Mexico,Inova Education,Phone: +52 (55) 2539 4499 Web: www.inovaeducation.com,www.inovaeducation.com,,+52 (55) 2539 4499,Web:
Mexico,LoveUK Mexico,Phone: +52 56 3951 5884 Email: info@loveuk.com.mx Website: www.loveuk.com.mx,www.loveuk.com.mx,info@loveuk.com.mx,+52 56 3951 5884,
Mexico,Across the Pond,Email: info@studyacrossthepond.com Website: www.studyacrossthepond.com,www.studyacrossthepond.com,info@studyacrossthepond.com,,
Mexico,Studies Planet,"Av. Los Insurgentes Sur 1458 Ciudad de Mexico, Mexico WhatsApp: (+52) 55 3562 7881 Email: mexico@studiesplanet.com",,mexico@studiesplanet.com,+52) 55 3562 7881,"Av. Los Insurgentes Sur 1458 Ciudad de Mexico, Mexico WhatsApp: ("
Morocco,Global Study UK,Phone: +4402074864762 Email: app@globalstudyuk.com Website: www.globalstudyuk.com,www.globalstudyuk.com,app@globalstudyuk.com,+4402074864762,
Morocco,SI-UK,"207 Boulevard Zerktouni, 5th floor office 20, Casablanca 20100. Phone: +212 766971419 Email: casablanca@studyin-uk.com Website: www.studyin-uk.com",www.studyin-uk.com,casablanca@studyin-uk.com,+212 766971419,"207 Boulevard Zerktouni, 5th floor office 20, Casablanca 20100."
Nepal,IAE,Phone: +81 (0)3 6871 9422 Email: info@iaeglobal.net Website: www.iaeglobal.net,www.iaeglobal.net,info@iaeglobal.net,+81 (0)3 6871 9422,
Nepal,IDP,Website: www.idp.com/global,www.idp.com/global,,,
Nepal,SI-UK,"2nd Floor, Agriculture Development Bank Putalisadak-44600, Kathmandu, Nepal Phone: +977 15903980, +977 15903981 Email: kathmandu@studyin-uk.com Website: www.studyin-uk.com",www.studyin-uk.com,kathmandu@studyin-uk.com,+977 15903980,"2nd Floor, Agriculture Development Bank Putalisadak-44600, Kathmandu, Nepal , +977 15903981"
Nepal,SI-UK,Phone: +977 61-590052 Email: pokhara@studyin-uk.com Website: www.studyin-uk.com,www.studyin-uk.com,pokhara@studyin-uk.com,+977 61-590052,
Nepal,SI-UK,Phone: +977 9802589313 Email: butwal@studyin-uk.com Website: www.studyin-uk.com,www.studyin-uk.com,butwal@studyin-uk.com,+977 9802589313,
Nepal,SI-UK,Phone: +977 056490130 Email: chitwan@studyin-uk.com Website: www.studyin-uk.com,www.studyin-uk.com,chitwan@studyin-uk.com,+977 056490130,
New Zealand,IDP,Website: www.idp.com/global,www.idp.com/global,,,
Nigeria,IDP,Website: www.idp.com/global,www.idp.com/global,,,
Nigeria,SI-UK,Phone: +234 8104841013 Email: lagos@studyin-uk.com Website: www.studyin-uk.com,www.studyin-uk.com,lagos@studyin-uk.com,+234 8104841013,
Nigeria,SI-UK,"Phone: +234 8082055733, +234 9093279115 Email: abuja@studyin-uk.com Website: www.studyin-uk.com",www.studyin-uk.com,abuja@studyin-uk.com,+234 8082055733,", +234 9093279115"
Nigeria,SI-UK,Phone: +234 9168348662 Email: portharcourt@studyin-uk.com Website: www.studyin-uk.com,www.studyin-uk.com,portharcourt@studyin-uk.com,+234 9168348662,
Nigeria,SI-UK,Phone: +234 9168348662 Email: onitsha@studyin-uk.com Website: www.studyin-uk.com,www.studyin-uk.com,onitsha@studyin-uk.com,+234 9168348662,
Philippines,IDP,Website: www.idp.com/global,www.idp.com/global,,,
Oman,Global Study UK,Phone: +4402074864762 Email: app@globalstudyuk.com Website: www.globalstudyuk.com,www.globalstudyuk.com,app@globalstudyuk.com,+4402074864762,
Oman,IDP,Website: www.idp.com/global,www.idp.com/global,,,
Pakistan,Education Resource Network (ERN) Pakistan,Phone: +92-51-2824754 Email: o.mirza@ern.com.pk Website: www.ern.com.pk,www.ern.com.pk,o.mirza@ern.com.pk,+92-51-2824754,
Pakistan,IAE,Phone: +81 (0)3 6871 9422 Email: info@iaeglobal.net Website: www.iaeglobal.net,www.iaeglobal.net,info@iaeglobal.net,+81 (0)3 6871 9422,
Pakistan,IDP,Website: www.idp.com/global,www.idp.com/global,,,
Pakistan,SI-UK,"Office # 2, 1st Floor, Darup Furqan Apartment, Gulshan e Iqbal, Karachi Phone: +92 342 2227043 Email: karachi@studyin-uk.com Website: www.studyin-uk.com",www.studyin-uk.com,karachi@studyin-uk.com,+92 342 2227043,"Office # 2, 1st Floor, Darup Furqan Apartment, Gulshan e Iqbal, Karachi"
Pakistan,SI-UK,Phone: +92 342 2227043 Email: karachi@studyin-uk.com Website: www.studyin-uk.com,www.studyin-uk.com,karachi@studyin-uk.com,+92 342 2227043,
Pakistan,SI-UK,Phone: +92 51 2722666 Email: islamabad@studyin-uk.com Website: www.studyin-uk.com,www.studyin-uk.com,islamabad@studyin-uk.com,+92 51 2722666,
Pakistan,SI-UK,Email: islamabad@studyin-uk.com Website: www.studyin-uk.com,www.studyin-uk.com,islamabad@studyin-uk.com,,
Pakistan,SI-UK,Phone: +92 041 8554200 Email: faisalabad@studyin-uk.com Website: www.studyin-uk.com,www.studyin-uk.com,faisalabad@studyin-uk.com,+92 041 8554200,
Pakistan,SI-UK,"Phone: +92 301 4434942, +92 308 4591446, +92 42 37207108 Email: lahore@studyin-uk.com Website: www.studyin-uk.com",www.studyin-uk.com,lahore@studyin-uk.com,+92 301 4434942,", +92 308 4591446, +92 42 37207108"
Pakistan,SI-UK,Phone: +92 42 32332608 Email: lahore@studyin-uk.com Website: www.studyin-uk.com,www.studyin-uk.com,lahore@studyin-uk.com,+92 42 32332608,
Pakistan,SI-UK,"Phone: +92 51 4264181, +92 308 1814264 Email: rawalpindi@studyin-uk.com Website: www.studyin-uk.com",www.studyin-uk.com,rawalpindi@studyin-uk.com,+92 51 4264181,", +92 308 1814264"
Pakistan,SI-UK,"Phone: +92 91 5840322, +92 345 9036903 Email: peshawar@studyin-uk.com Website: www.studyin-uk.com",www.studyin-uk.com,peshawar@studyin-uk.com,+92 91 5840322,", +92 345 9036903"
Pakistan,SI-UK,Phone: +92 61 6211008 Email: multan@studyin-uk.com Website: www.studyin-uk.com,www.studyin-uk.com,multan@studyin-uk.com,+92 61 6211008,
Pakistan,SI-UK,Phone: +92 40 4550137 Email: sahiwal@studyin-uk.com Website: www.studyin-uk.com,www.studyin-uk.com,sahiwal@studyin-uk.com,+92 40 4550137,
Pakistan,Success Factor,Phone: 021-35342947-49 Email: info@successfactor.org Website: www.successfactor.org,www.successfactor.org,info@successfactor.org,021-35342947-49,
Pakistan,UKEC - United Kingdom Education Centre,Email: uol@ukecpakistan.com Website: www.uk-education-centre.com,www.uk-education-centre.com,uol@ukecpakistan.com,,
Peru,Global Admission Center,Phone : +51 936 300 989 Email: info@globaladmissioncenter.com Website: www.globaladmissioncenter.com,www.globaladmissioncenter.com,info@globaladmissioncenter.com,+51 936 300 989,Phone :
Peru,Inova Education,WhatsApp: api.whatsapp.com/send/?phone=447754475500 Website: inovaeducation.com/country/peru/,,,447754475500,WhatsApp: api.whatsapp.com/send/?phone= inovaeducation.com/country/peru/
Peru,Studies Planet,"Av. Pardo 434 Piso 16. Miraflores, Lima Perú WhatsApp: (+51) 926 877 306 Email: peru@studiesplanet.com",,peru@studiesplanet.com,+51) 926 877 306,"Av. Pardo 434 Piso 16. Miraflores, Lima Perú WhatsApp: ("
Poland,Elab,Phone: +48 22 364 44 66 Email: info@elab.edu.pl Website: www.elabedu.eu,www.elabedu.eu,info@elab.edu.pl,+48 22 364 44 66,
Poland,SI-UK,"Widok Towers, al.Jerozolimskie 44, 11th Floor 00-024, Warszawa Phone: +48 730 75 74 85 Email: warsaw@studyin-uk.com Website: www.studyin-uk.com",www.studyin-uk.com,warsaw@studyin-uk.com,+48 730 75 74 85,"Widok Towers, al.Jerozolimskie 44, 11th Floor 00-024, Warszawa"
Portugal,IEC,Phone: +34 91 579 2288 Email: hello@iecformacion.com Website: www.iecformacion.com,www.iecformacion.com,hello@iecformacion.com,+34 91 579 2288,
Qatar,SI-UK,"Office No 17, 14th Floor, The Gate Mall, Tower 4, 63 Mayasoloun Street, P.O. Box 10805, West Bay, Doha, Qatar Phone: +974 5076 0041 Email: doha@studyin-uk.com Website: www.studyin-uk.com",www.studyin-uk.com,doha@studyin-uk.com,+974 5076 0041,"Office No 17, 14th Floor, The Gate Mall, Tower 4, 63 Mayasoloun Street, P.O. Box 10805, West Bay, Doha, Qatar"
Romania,Educativa (Edmundo),Phone: +40 31 814 2920 Email: edmundo@educativa.ro Website: www.edmun.do/en,www.edmun.do/en,edmundo@educativa.ro,+40 31 814 2920,
Romania,QS Student Apply,Phone: +44 (0) 207 284 7200 Website: www.qs.com,www.qs.com,,+44 (0) 207 284 7200,
Saudi Arabia,IDP,Website: www.idp.com/global,www.idp.com/global,,,
Saudi Arabia,SI-UK,"Uthman Ibn Affan Road, Al Izdihar District, Riyadh 12485, Saudi Arabia Phone: +966 55 165 8370 Email: riyadh@studyin-uk.com Website: www.studyin-uk.com",www.studyin-uk.com,riyadh@studyin-uk.com,+966 55 165 8370,"Uthman Ibn Affan Road, Al Izdihar District, Riyadh 12485, Saudi Arabia"
Singapore,IDP,Website: www.idp.com/global,www.idp.com/global,,,
Singapore,JACK Study Abroad Singapore,Phone: +65 67376734 Email: info@studyabroad.sg Website: www.StudyAbroad.sg,www.StudyAbroad.sg,info@studyabroad.sg,+65 67376734,
Singapore,Overseas Education,Email: info@overseaseducation.sg Website: www.OverseasEducation.sg,www.OverseasEducation.sg,info@overseaseducation.sg,,
Singapore,QS Student Apply,Phone: +44 (0) 207 284 7200 Website: www.qs.com,www.qs.com,,+44 (0) 207 284 7200,
Singapore,The RightU,Phone: +65 6333 1300 Email: hello@therightu.com Website: www.therightu.com,www.therightu.com,hello@therightu.com,+65 6333 1300,
South Korea,Creative Scholars (CSKorea),Email: cs@cskedu.co.kr Website: www.cskedu.co.kr,www.cskedu.co.kr,cs@cskedu.co.kr,,
South Korea,Dongsuh Education,Phone: +82 2-588-3558 Email: es@dongsuhyuhak.com Website: www.dongsuhyuhak.com,www.dongsuhyuhak.com,es@dongsuhyuhak.com,+82 2-588-3558,
South Korea,EDM Education,Phone: +82 (0)2 595 5092 Website: www.edmuhak.com,www.edmuhak.com,,+82 (0)2 595 5092,
South Korea,IDP,Website: www.idp.com/global,www.idp.com/global,,,
South Korea,Kaju,Phone: 82-2-6248-3520~1 Email: kaju@kajucp.com W ebsite: www.kjclassic.com,www.kjclassic.com,kaju@kajucp.com,82-2-6248-3520,~1 W ebsite:
South Korea,People Loving Education (UKARTSUHAK),Phone: 02-566-9184 Email: seoul@peopleloving.co.kr Website: www.peopleloving.co.kr,www.peopleloving.co.kr,seoul@peopleloving.co.kr,02-566-9184,
Spain,IEC,Phone: +34 91 579 2288 Email: hello@iecformacion.com Website: www.iecformacion.com,www.iecformacion.com,hello@iecformacion.com,+34 91 579 2288,
Sri Lanka,IDP,Website: www.idp.com/global,www.idp.com/global,,,
Sri Lanka,SI-UK,"517-2/1, Second Floor, Mayfair House, Galle Road, Colombo 3, 00400, Colombo Phone: +94 74 043 4321 Email: colombo@studyin-uk.com Website: www.studyin-uk.com",www.studyin-uk.com,colombo@studyin-uk.com,+94 74 043 4321,"517-2/1, Second Floor, Mayfair House, Galle Road, Colombo 3, 00400, Colombo"
Sri Lanka,SI-UK,Phone: 0094771215879 Email: jaffna@studyin-uk.com Website: www.studyin-uk.com,www.studyin-uk.com,jaffna@studyin-uk.com,0094771215879,
Taiwan,IAE,Phone: +81 (0)3 6871 9422 Email: info@iaeglobal.net Website: www.iaeglobal.net,www.iaeglobal.net,info@iaeglobal.net,+81 (0)3 6871 9422,
Taiwan,IDP,Website: www.idp.com/global,www.idp.com/global,,,
Taiwan,Oxbridge,Phone: +886-2-2779-0801 Email: service@oxbridge.com.tw Website: www.oxbridge.com.tw,www.oxbridge.com.tw,service@oxbridge.com.tw,+886-2-2779-0801,
Taiwan,SI-UK,"6F-1, No. 1, Section 4, Xinyi Road, Da’an District, Taipei City, 106 Taiwan Phone: +886 2 27556365 Email: taipei@studyin-uk.com Website: www.studyin-uk.com",www.studyin-uk.com,taipei@studyin-uk.com,+886 2 27556365,"6F-1, No. 1, Section 4, Xinyi Road, Da’an District, Taipei City, 106 Taiwan"
Taiwan,UKEC - United Kingdom Education Centre,Email: twn@ukec.com Website: www.uk-education-centre.com,www.uk-education-centre.com,twn@ukec.com,,
Taiwan,Vanguard Education Consultancy (VEC),Phone: +886-4-23055785 Email: taichung@global-vec.com Website: www.global-vec.com,www.global-vec.com,taichung@global-vec.com,+886-4-23055785,
Tanzania,SI-UK,"Oilcom Petrol Station - Near Veta, Nyerere/Chang'ombe Road P.O.BOX 40163 Dar es Salaam Phone: +255 677 500 800 Email: daressalaam@studyin-uk.com Website: www.studyin-uk.com",www.studyin-uk.com,daressalaam@studyin-uk.com,+255 677 500 800,"Oilcom Petrol Station - Near Veta, Nyerere/Chang'ombe Road P.O.BOX 40163 Dar es Salaam"
Thailand,Hands On Education Consultants,Phone: +66(0)2-635-5230 Email: info@hands-on.co.th Website: www.hands-on.co.th/en/,www.hands-on.co.th/en/,info@hands-on.co.th,+66(0)2-635-5230,
Thailand,Hands On Education Consultants,Phone: +66 (0)99-803-6569 Email: info@hands-on.co.th Website: www.hands-on.co.th/en/,www.hands-on.co.th/en/,info@hands-on.co.th,+66 (0)99-803-6569,
Thailand,Hands On Education Consultants,Phone: +66 (0)2-821-6877 Email: info@hands-on.co.th Website: www.hands-on.co.th/en/,www.hands-on.co.th/en/,info@hands-on.co.th,+66 (0)2-821-6877,
Thailand,Hands On Education Consultants,Phone: +66 (0)89-217-5454 Email: info@hands-on.co.th Website: www.hands-on.co.th/en/,www.hands-on.co.th/en/,info@hands-on.co.th,+66 (0)89-217-5454,
Thailand,IAE,Phone: +81 (0)3 6871 9422 Email: info@iaeglobal.net Website: www.iaeglobal.net,www.iaeglobal.net,info@iaeglobal.net,+81 (0)3 6871 9422,
Thailand,IDP,Website: www.idp.com/global,www.idp.com/global,,,
Thailand,SI-UK,"3rd Floor 211-213 Regent Street, London W1B 4NF, United Kingdom Phone: 020-7287-7040 Email: i nfo@studyin-uk.com Website: www.studyin-uk.com",www.studyin-uk.com,nfo@studyin-uk.com,020-7287-7040,"3rd Floor 211-213 Regent Street, London W1B 4NF, United Kingdom i"
Thailand,SI-UK,Phone: +66 91 079 9303 Email: chiangmai@studyin-uk.com Website: www.studyin-uk.com,www.studyin-uk.com,chiangmai@studyin-uk.com,+66 91 079 9303,
Thailand,SMILE Education,Phone: +66 2119 5140 Email: smile@smilecampus.com Website: www.smilecampus.com,www.smilecampus.com,smile@smilecampus.com,+66 2119 5140,
Thailand,"WIN Education Service Co., Ltd","Phone: +66 84 664 3559 Email: ask@win-ed.com Website: www,win-ed.co.uk",,ask@win-ed.com,+66 84 664 3559,"www,win-ed.co.uk"
Turkey,Academix Study Abroad Services,Website : www.academix.com.tr,www.academix.com.tr,,,Website :
Turkey,British Education Bureau (BEB),Phone: +90 312 258 63 23 Email: turkeyank@britisheducation.com.tr Website: www.britisheducation.com.tr,www.britisheducation.com.tr,turkeyank@britisheducation.com.tr,+90 312 258 63 23,
Turkey,British Education Bureau (BEB),Email: turkeyizm@britisheducation.com.tr Website: www.britisheducation.com.tr,www.britisheducation.com.tr,turkeyizm@britisheducation.com.tr,,
Turkey,British Education Bureau (BEB),Email: turkeyist@britisheducation.com.tr Website: www.britisheducation.com.tr,www.britisheducation.com.tr,turkeyist@britisheducation.com.tr,,
Turkey,Edcon Education,Phone: +90 232 425 2556 Website: www.edcon.com.tr,www.edcon.com.tr,,+90 232 425 2556,
Turkey,EDUKAS,Phone: +90 212 401 41 90 Email: istanbul@edukas.com.tr,,istanbul@edukas.com.tr,+90 212 401 41 90,
Turkey,Egitimal Education,Phone: +90 312 426 31 33 Website: www.egitimal.com,www.egitimal.com,,+90 312 426 31 33,
Turkey,IDP,Website: www.idp.com/global,www.idp.com/global,,,
Turkey,Plus Education,Phone: 0212 335 64 25 Website: www.plusedu.com.tr,www.plusedu.com.tr,,0212 335 64 25,
Turkey,SI-UK,19 Mayıs Mahallesi Buyukdere Caddesi No:20 Beytem Plaza 6. Ve 7. Kat Sisli / Istanbul Phone: +90 2129950735 Email: istanbul@studyin-uk.com Website: www.studyin-uk.com,www.studyin-uk.com,istanbul@studyin-uk.com,+90 2129950735,19 Mayıs Mahallesi Buyukdere Caddesi No:20 Beytem Plaza 6. Ve 7. Kat Sisli / Istanbul
Turkey,SI-UK,Phone: +90 2129950735 Email: ankara@studyin-uk.com Website: www.studyin-uk.com,www.studyin-uk.com,ankara@studyin-uk.com,+90 2129950735,
Turkey,SI-UK,Phone: +90 2129950735 Email: atasehir@studyin-uk.com Website: www.studyin-uk.com,www.studyin-uk.com,atasehir@studyin-uk.com,+90 2129950735,
Turkey,SI-UK,Phone: +90 2129950735 Email: denizli@studyin-uk.com Website: www.studyin-uk.com,www.studyin-uk.com,denizli@studyin-uk.com,+90 2129950735,
Turkey,SI-UK,Phone: +90 2129950735 Email: izmir@studyin-uk.com Website: www.studyin-uk.com,www.studyin-uk.com,izmir@studyin-uk.com,+90 2129950735,
UAE,Global Study UK,Phone: +4402074864762 Email: app@globalstudyuk.com Website: www.globalstudyuk.com,www.globalstudyuk.com,app@globalstudyuk.com,+4402074864762,
UAE,IPC Dubai,Phone: (+971) 4 3911179 Email: ipcgulf@unidirection.com Website: www.unidirection.com,www.unidirection.com,ipcgulf@unidirection.com,+971) 4 3911179,(
UAE,IDP,Website: www.idp.com/global,www.idp.com/global,,,
UAE,IQ Education Consultants,Phone: +971 55 216 7587 Email: dubai@iqeducationconsultants.com Website: www.iqeducationconsultants.com,www.iqeducationconsultants.com,dubai@iqeducationconsultants.com,+971 55 216 7587,
UAE,SI-UK,"Office No. 104, Al Masaood Tower, 54 Al Maktoum Rd - Deira - Riggat Al Buteen Dubai Phone: +971 43868900 Email: dubai@studyin-uk.com Website: www.studyin-uk.com",www.studyin-uk.com,dubai@studyin-uk.com,+971 43868900,"Office No. 104, Al Masaood Tower, 54 Al Maktoum Rd - Deira - Riggat Al Buteen Dubai"
Uganda,SI-UK,"3rd Floor 211-213 Regent Street, London W1B 4NF, United Kingdom Phone: 020-7287-7040 Email: i nfo@studyin-uk.com Website: www.studyin-uk.com",www.studyin-uk.com,nfo@studyin-uk.com,020-7287-7040,"3rd Floor 211-213 Regent Street, London W1B 4NF, United Kingdom i"
Ukraine,Business Link,Phone: +(38044) 494 2080 Email: edUK@businesslink.com.ua Website: www.businesslink.com.ua,www.businesslink.com.ua,edUK@businesslink.com.ua,38044) 494 2080,+(
Ukraine,Logos,Phone: +380443317170 Website: www.logos-education.com/ua,www.logos-education.com/ua,,+380443317170,
United Kingdom,CEG (PP),Phone: 01223 346180 Email: info@ceg-uk.com Website: www.cambridgeeducationgroup.com,www.cambridgeeducationgroup.com,info@ceg-uk.com,01223 346180,
United Kingdom,Global Study UK,Phone: +4402074864762 Email: app@globalstudyuk.com Website: www.globalstudyuk.com,www.globalstudyuk.com,app@globalstudyuk.com,+4402074864762,
United Kingdom,IAE,Phone: +81 (0)3 6871 9422 Email: info@iaeglobal.net Website: www.iaeglobal.net,www.iaeglobal.net,info@iaeglobal.net,+81 (0)3 6871 9422,
United Kingdom,INTO (PP),Phone: +44 1273 665200 Website: www.intoglobal.com,www.intoglobal.com,,+44 1273 665200,
United Kingdom,JT Education,Phone: 020 7424 7952 Email: uk@jteducation.com Wesbite: www.jteducation.com,www.jteducation.com,uk@jteducation.com,020 7424 7952,Wesbite:
United Kingdom,QS Student Apply,Phone: +44 (0) 207 284 7200 Website: www.qs.com,www.qs.com,,+44 (0) 207 284 7200,
United Kingdom,SI-UK,"3rd Floor 211-213 Regent Street, London W1B 4NF, United Kingdom Phone: 020-7287-7040 Email: i nfo@studyin-uk.com Website: www.studyin-uk.com",www.studyin-uk.com,nfo@studyin-uk.com,020-7287-7040,"3rd Floor 211-213 Regent Street, London W1B 4NF, United Kingdom i"
United Kingdom,Study with FM,"96 Kensington High St, London, W8 4SG, United Kingdom Phone: (+44) 7557 27 11 71 Email: info@studywithfm.com Website: www.studywithfm.com",www.studywithfm.com,info@studywithfm.com,+44) 7557 27 11 71,"96 Kensington High St, London, W8 4SG, United Kingdom ("
United Kingdom,UKEC,"Regus, 16 Upper Woburn Pl, London WC1H 0AF United Kingdom Phone: 020 7383 2000 Email: admissions@ukec.com Website: www.ukec.com",www.ukec.com,admissions@ukec.com,020 7383 2000,"Regus, 16 Upper Woburn Pl, London WC1H 0AF United Kingdom"
United Kingdom,UVIC,Phone: 02037577200 Email: edu@uvic.co.uk Website: www.uvic.co.uk,www.uvic.co.uk,edu@uvic.co.uk,02037577200,
USA,QS Student Apply,Phone: +44 (0) 207 284 7200 Website: www.qs.com,www.qs.com,,+44 (0) 207 284 7200,
Uzbekistan,SI-UK,"10/1, Afrosiyob Street, Mirabad District Tashkent City, 100000, Uzbekistan Phone: +99897 170 00 66, +99894 003 03 66 Email: tashkent@studyin-uk.com Website: www.studyin-uk.com",www.studyin-uk.com,tashkent@studyin-uk.com,+99897 170 00 66,"10/1, Afrosiyob Street, Mirabad District Tashkent City, 100000, Uzbekistan , +99894 003 03 66"
Vietnam,GSE-BEO,Phone: 1900 7211 Email: info@gse.edu.vn Website: www.gse.edu.vn,www.gse.edu.vn,info@gse.edu.vn,1900 7211,
Vietnam,Hands on (BEO),Phone: (+84)28 2200 0580 Email: info.hcm@handson-beo.vn Website: www.handson-beo.vn,www.handson-beo.vn,info.hcm@handson-beo.vn,+84)28 2200 0580,(
Vietnam,IAE,Phone: +81 (0)3 6871 9422 Email: info@iaeglobal.net Website: www.iaeglobal.net,www.iaeglobal.net,info@iaeglobal.net,+81 (0)3 6871 9422,
Vietnam,IDP,Website: www.idp.com/global,www.idp.com/global,,,
Vietnam,SI-UK,"54-56 Tue Tinh St., Hai Ba Trung Dist. Hanoi, Vietnam Phone: +84988709698 Email: hanoi@studyin-uk.com Website: www.studyin-uk.com",www.studyin-uk.com,hanoi@studyin-uk.com,+84988709698,"54-56 Tue Tinh St., Hai Ba Trung Dist. Hanoi, Vietnam"
Vietnam,SI-UK,Phone: +84963049860 Email: hochiminh@studyin-uk.com Website: www.studyin-uk.com,www.studyin-uk.com,hochiminh@studyin-uk.com,+84963049860,
